id,seed,final_train_perplexity,final_val_perplexity,model_dir,model_path,msf_ppl
20250926-103311,20717,526.1954300305312,624.8427387029609,checkpoint/ESN_ml (53.39M N1024_nro8_batch_size100_seq_len512_sigma_in1.0_spectral_radius0.99_sparsity0.96875_dropout0.0_r_out512_{'20250926-103311'},checkpoint/ESN_ml (53.39M N1024_nro8_batch_size100_seq_len512_sigma_in1.0_spectral_radius0.99_sparsity0.96875_dropout0.0_r_out512_{'20250926-103311'}/checkpoint_step1700_tokens87040000.pt,3459.52
20250926-105156,93458,1401.7125525143688,1242.6481670549958,checkpoint/ESN_ml (53.39M N1024_nro8_batch_size100_seq_len512_sigma_in1.0_spectral_radius0.99_sparsity0.96875_dropout0.0_r_out512_{'20250926-105156'},checkpoint/ESN_ml (53.39M N1024_nro8_batch_size100_seq_len512_sigma_in1.0_spectral_radius0.99_sparsity0.96875_dropout0.0_r_out512_{'20250926-105156'}/checkpoint_step1700_tokens87040000.pt,19229.44
20250926-103315,99642,1221.4439941824505,1282.0940541998355,checkpoint/ESN_ml (53.39M N1024_nro8_batch_size100_seq_len512_sigma_in1.0_spectral_radius0.99_sparsity0.96875_dropout0.0_r_out512_{'20250926-103315'},checkpoint/ESN_ml (53.39M N1024_nro8_batch_size100_seq_len512_sigma_in1.0_spectral_radius0.99_sparsity0.96875_dropout0.0_r_out512_{'20250926-103315'}/checkpoint_step1700_tokens87040000.pt,15432.32
20250926-105215,111575,929.2628095725632,967.7753655846766,checkpoint/ESN_ml (53.39M N1024_nro8_batch_size100_seq_len512_sigma_in1.0_spectral_radius0.99_sparsity0.96875_dropout0.0_r_out512_{'20250926-105215'},checkpoint/ESN_ml (53.39M N1024_nro8_batch_size100_seq_len512_sigma_in1.0_spectral_radius0.99_sparsity0.96875_dropout0.0_r_out512_{'20250926-105215'}/checkpoint_step1700_tokens87040000.pt,8967.36
20250926-105220,260185,1400.019878564991,1364.7820165072585,checkpoint/ESN_ml (53.39M N1024_nro8_batch_size100_seq_len512_sigma_in1.0_spectral_radius0.99_sparsity0.96875_dropout0.0_r_out512_{'20250926-105220'},checkpoint/ESN_ml (53.39M N1024_nro8_batch_size100_seq_len512_sigma_in1.0_spectral_radius0.99_sparsity0.96875_dropout0.0_r_out512_{'20250926-105220'}/checkpoint_step1700_tokens87040000.pt,18471.68
20250926-103309,298609,939.3038601940765,998.495853382024,checkpoint/ESN_ml (53.39M N1024_nro8_batch_size100_seq_len512_sigma_in1.0_spectral_radius0.99_sparsity0.96875_dropout0.0_r_out512_{'20250926-103309'},checkpoint/ESN_ml (53.39M N1024_nro8_batch_size100_seq_len512_sigma_in1.0_spectral_radius0.99_sparsity0.96875_dropout0.0_r_out512_{'20250926-103309'}/checkpoint_step1700_tokens87040000.pt,9021.76
20250926-105229,355633,498.6878469851331,534.4563168515505,checkpoint/ESN_ml (53.39M N1024_nro8_batch_size100_seq_len512_sigma_in1.0_spectral_radius0.99_sparsity0.96875_dropout0.0_r_out512_{'20250926-105229'},checkpoint/ESN_ml (53.39M N1024_nro8_batch_size100_seq_len512_sigma_in1.0_spectral_radius0.99_sparsity0.96875_dropout0.0_r_out512_{'20250926-105229'}/checkpoint_step1700_tokens87040000.pt,3270.32
20250926-103353,406470,756.8183096120197,686.2554949467076,checkpoint/ESN_ml (53.39M N1024_nro8_batch_size100_seq_len512_sigma_in1.0_spectral_radius0.99_sparsity0.96875_dropout0.0_r_out512_{'20250926-103353'},checkpoint/ESN_ml (53.39M N1024_nro8_batch_size100_seq_len512_sigma_in1.0_spectral_radius0.99_sparsity0.96875_dropout0.0_r_out512_{'20250926-103353'}/checkpoint_step1700_tokens87040000.pt,5791.2
20250926-103433,409964,1294.9993700309053,1242.6481670549958,checkpoint/ESN_ml (53.39M N1024_nro8_batch_size100_seq_len512_sigma_in1.0_spectral_radius0.99_sparsity0.96875_dropout0.0_r_out512_{'20250926-103433'},checkpoint/ESN_ml (53.39M N1024_nro8_batch_size100_seq_len512_sigma_in1.0_spectral_radius0.99_sparsity0.96875_dropout0.0_r_out512_{'20250926-103433'}/checkpoint_step1700_tokens87040000.pt,15275.2
20250926-103356,491904,499.840332062109,624.8427387029609,checkpoint/ESN_ml (53.39M N1024_nro8_batch_size100_seq_len512_sigma_in1.0_spectral_radius0.99_sparsity0.96875_dropout0.0_r_out512_{'20250926-103356'},checkpoint/ESN_ml (53.39M N1024_nro8_batch_size100_seq_len512_sigma_in1.0_spectral_radius0.99_sparsity0.96875_dropout0.0_r_out512_{'20250926-103356'}/checkpoint_step1700_tokens87040000.pt,3345.52
20250926-105209,500037,619.3903780011777,605.6183486721279,checkpoint/ESN_ml (53.39M N1024_nro8_batch_size100_seq_len512_sigma_in1.0_spectral_radius0.99_sparsity0.96875_dropout0.0_r_out512_{'20250926-105209'},checkpoint/ESN_ml (53.39M N1024_nro8_batch_size100_seq_len512_sigma_in1.0_spectral_radius0.99_sparsity0.96875_dropout0.0_r_out512_{'20250926-105209'}/checkpoint_step1700_tokens87040000.pt,3955.84
20250926-105147,541328,,,checkpoint/ESN_ml (53.39M N1024_nro8_batch_size100_seq_len512_sigma_in1.0_spectral_radius0.99_sparsity0.96875_dropout0.0_r_out512_{'20250926-105147'},checkpoint/ESN_ml (53.39M N1024_nro8_batch_size100_seq_len512_sigma_in1.0_spectral_radius0.99_sparsity0.96875_dropout0.0_r_out512_{'20250926-105147'}/checkpoint_step1700_tokens87040000.pt,
20250926-105154,643089,898.3617907264385,909.1408202993323,checkpoint/ESN_ml (53.39M N1024_nro8_batch_size100_seq_len512_sigma_in1.0_spectral_radius0.99_sparsity0.96875_dropout0.0_r_out512_{'20250926-105154'},checkpoint/ESN_ml (53.39M N1024_nro8_batch_size100_seq_len512_sigma_in1.0_spectral_radius0.99_sparsity0.96875_dropout0.0_r_out512_{'20250926-105154'}/checkpoint_step1700_tokens87040000.pt,7440.64
20250926-103318,693682,1180.3648145295926,1242.6481670549958,checkpoint/ESN_ml (53.39M N1024_nro8_batch_size100_seq_len512_sigma_in1.0_spectral_radius0.99_sparsity0.96875_dropout0.0_r_out512_{'20250926-103318'},checkpoint/ESN_ml (53.39M N1024_nro8_batch_size100_seq_len512_sigma_in1.0_spectral_radius0.99_sparsity0.96875_dropout0.0_r_out512_{'20250926-103318'}/checkpoint_step1700_tokens87040000.pt,14386.24
20250926-105148,725379,475.1463472902485,534.4563168515505,checkpoint/ESN_ml (53.39M N1024_nro8_batch_size100_seq_len512_sigma_in1.0_spectral_radius0.99_sparsity0.96875_dropout0.0_r_out512_{'20250926-105148'},checkpoint/ESN_ml (53.39M N1024_nro8_batch_size100_seq_len512_sigma_in1.0_spectral_radius0.99_sparsity0.96875_dropout0.0_r_out512_{'20250926-105148'}/checkpoint_step1700_tokens87040000.pt,3108.64
20250926-103448,751624,476.593139485886,486.6280141983472,checkpoint/ESN_ml (53.39M N1024_nro8_batch_size100_seq_len512_sigma_in1.0_spectral_radius0.99_sparsity0.96875_dropout0.0_r_out512_{'20250926-103448'},checkpoint/ESN_ml (53.39M N1024_nro8_batch_size100_seq_len512_sigma_in1.0_spectral_radius0.99_sparsity0.96875_dropout0.0_r_out512_{'20250926-103448'}/checkpoint_step1700_tokens87040000.pt,2992.08
20250926-103319,814645,995.4822859816292,1242.6481670549958,checkpoint/ESN_ml (53.39M N1024_nro8_batch_size100_seq_len512_sigma_in1.0_spectral_radius0.99_sparsity0.96875_dropout0.0_r_out512_{'20250926-103319'},checkpoint/ESN_ml (53.39M N1024_nro8_batch_size100_seq_len512_sigma_in1.0_spectral_radius0.99_sparsity0.96875_dropout0.0_r_out512_{'20250926-103319'}/checkpoint_step1700_tokens87040000.pt,10243.84
20250926-103334,832167,508.04369379731406,551.4217815078388,checkpoint/ESN_ml (53.39M N1024_nro8_batch_size100_seq_len512_sigma_in1.0_spectral_radius0.99_sparsity0.96875_dropout0.0_r_out512_{'20250926-103334'},checkpoint/ESN_ml (53.39M N1024_nro8_batch_size100_seq_len512_sigma_in1.0_spectral_radius0.99_sparsity0.96875_dropout0.0_r_out512_{'20250926-103334'}/checkpoint_step1700_tokens87040000.pt,3383.76
20250926-103337,950981,1088.4664965219827,1030.1915141420939,checkpoint/ESN_ml (53.39M N1024_nro8_batch_size100_seq_len512_sigma_in1.0_spectral_radius0.99_sparsity0.96875_dropout0.0_r_out512_{'20250926-103337'},checkpoint/ESN_ml (53.39M N1024_nro8_batch_size100_seq_len512_sigma_in1.0_spectral_radius0.99_sparsity0.96875_dropout0.0_r_out512_{'20250926-103337'}/checkpoint_step1700_tokens87040000.pt,11211.84
20250926-105155,1056926,,,checkpoint/ESN_ml (53.39M N1024_nro8_batch_size100_seq_len512_sigma_in1.0_spectral_radius0.99_sparsity0.96875_dropout0.0_r_out512_{'20250926-105155'},checkpoint/ESN_ml (53.39M N1024_nro8_batch_size100_seq_len512_sigma_in1.0_spectral_radius0.99_sparsity0.96875_dropout0.0_r_out512_{'20250926-105155'}/checkpoint_step1700_tokens87040000.pt,
20250926-103313,1059618,,,checkpoint/ESN_ml (53.39M N1024_nro8_batch_size100_seq_len512_sigma_in1.0_spectral_radius0.99_sparsity0.96875_dropout0.0_r_out512_{'20250926-103313'},checkpoint/ESN_ml (53.39M N1024_nro8_batch_size100_seq_len512_sigma_in1.0_spectral_radius0.99_sparsity0.96875_dropout0.0_r_out512_{'20250926-103313'}/checkpoint_step1700_tokens87040000.pt,
20250926-103324,1115435,921.8061512119244,998.495853382024,checkpoint/ESN_ml (53.39M N1024_nro8_batch_size100_seq_len512_sigma_in1.0_spectral_radius0.99_sparsity0.96875_dropout0.0_r_out512_{'20250926-103324'},checkpoint/ESN_ml (53.39M N1024_nro8_batch_size100_seq_len512_sigma_in1.0_spectral_radius0.99_sparsity0.96875_dropout0.0_r_out512_{'20250926-103324'}/checkpoint_step1700_tokens87040000.pt,9595.52
20250926-105219,1156583,1211.147758266367,1204.4159022708138,checkpoint/ESN_ml (53.39M N1024_nro8_batch_size100_seq_len512_sigma_in1.0_spectral_radius0.99_sparsity0.96875_dropout0.0_r_out512_{'20250926-105219'},checkpoint/ESN_ml (53.39M N1024_nro8_batch_size100_seq_len512_sigma_in1.0_spectral_radius0.99_sparsity0.96875_dropout0.0_r_out512_{'20250926-105219'}/checkpoint_step1700_tokens87040000.pt,14824.32
20250926-105157,1219990,1402.5977784672075,1364.7820165072585,checkpoint/ESN_ml (53.39M N1024_nro8_batch_size100_seq_len512_sigma_in1.0_spectral_radius0.99_sparsity0.96875_dropout0.0_r_out512_{'20250926-105157'},checkpoint/ESN_ml (53.39M N1024_nro8_batch_size100_seq_len512_sigma_in1.0_spectral_radius0.99_sparsity0.96875_dropout0.0_r_out512_{'20250926-105157'}/checkpoint_step1700_tokens87040000.pt,17496.32
20250926-103323,1253720,1030.5944044504065,1096.6331584284585,checkpoint/ESN_ml (53.39M N1024_nro8_batch_size100_seq_len512_sigma_in1.0_spectral_radius0.99_sparsity0.96875_dropout0.0_r_out512_{'20250926-103323'},checkpoint/ESN_ml (53.39M N1024_nro8_batch_size100_seq_len512_sigma_in1.0_spectral_radius0.99_sparsity0.96875_dropout0.0_r_out512_{'20250926-103323'}/checkpoint_step1700_tokens87040000.pt,12399.36
20250926-103354,1322645,913.3856793224907,1030.1915141420939,checkpoint/ESN_ml (53.39M N1024_nro8_batch_size100_seq_len512_sigma_in1.0_spectral_radius0.99_sparsity0.96875_dropout0.0_r_out512_{'20250926-103354'},checkpoint/ESN_ml (53.39M N1024_nro8_batch_size100_seq_len512_sigma_in1.0_spectral_radius0.99_sparsity0.96875_dropout0.0_r_out512_{'20250926-103354'}/checkpoint_step1700_tokens87040000.pt,8794.24
20250926-105249,1453966,490.78530668173516,502.07524555352444,checkpoint/ESN_ml (53.39M N1024_nro8_batch_size100_seq_len512_sigma_in1.0_spectral_radius0.99_sparsity0.96875_dropout0.0_r_out512_{'20250926-105249'},checkpoint/ESN_ml (53.39M N1024_nro8_batch_size100_seq_len512_sigma_in1.0_spectral_radius0.99_sparsity0.96875_dropout0.0_r_out512_{'20250926-105249'}/checkpoint_step1700_tokens87040000.pt,3520.96
20250926-105208,1565173,,,checkpoint/ESN_ml (53.39M N1024_nro8_batch_size100_seq_len512_sigma_in1.0_spectral_radius0.99_sparsity0.96875_dropout0.0_r_out512_{'20250926-105208'},checkpoint/ESN_ml (53.39M N1024_nro8_batch_size100_seq_len512_sigma_in1.0_spectral_radius0.99_sparsity0.96875_dropout0.0_r_out512_{'20250926-105208'}/checkpoint_step1700_tokens87040000.pt,
20250926-105202,1761784,,,checkpoint/ESN_ml (53.39M N1024_nro8_batch_size100_seq_len512_sigma_in1.0_spectral_radius0.99_sparsity0.96875_dropout0.0_r_out512_{'20250926-105202'},checkpoint/ESN_ml (53.39M N1024_nro8_batch_size100_seq_len512_sigma_in1.0_spectral_radius0.99_sparsity0.96875_dropout0.0_r_out512_{'20250926-105202'}/checkpoint_step1700_tokens87040000.pt,
20250926-103333,1800963,491.8430662981954,586.9854309417088,checkpoint/ESN_ml (53.39M N1024_nro8_batch_size100_seq_len512_sigma_in1.0_spectral_radius0.99_sparsity0.96875_dropout0.0_r_out512_{'20250926-103333'},checkpoint/ESN_ml (53.39M N1024_nro8_batch_size100_seq_len512_sigma_in1.0_spectral_radius0.99_sparsity0.96875_dropout0.0_r_out512_{'20250926-103333'}/checkpoint_step1700_tokens87040000.pt,4008.96
20250926-105216,1842940,1828.9015042108886,1698.4986622608421,checkpoint/ESN_ml (53.39M N1024_nro8_batch_size100_seq_len512_sigma_in1.0_spectral_radius0.99_sparsity0.96875_dropout0.0_r_out512_{'20250926-105216'},checkpoint/ESN_ml (53.39M N1024_nro8_batch_size100_seq_len512_sigma_in1.0_spectral_radius0.99_sparsity0.96875_dropout0.0_r_out512_{'20250926-105216'}/checkpoint_step1700_tokens87040000.pt,21637.12
20250926-105153,1914628,1342.0708986549673,1322.7920882144774,checkpoint/ESN_ml (53.39M N1024_nro8_batch_size100_seq_len512_sigma_in1.0_spectral_radius0.99_sparsity0.96875_dropout0.0_r_out512_{'20250926-105153'},checkpoint/ESN_ml (53.39M N1024_nro8_batch_size100_seq_len512_sigma_in1.0_spectral_radius0.99_sparsity0.96875_dropout0.0_r_out512_{'20250926-105153'}/checkpoint_step1700_tokens87040000.pt,16010.24
20250926-105139,1921082,520.9831785417089,777.629352507471,checkpoint/ESN_ml (53.39M N1024_nro8_batch_size100_seq_len512_sigma_in1.0_spectral_radius0.99_sparsity0.96875_dropout0.0_r_out512_{'20250926-105139'},checkpoint/ESN_ml (53.39M N1024_nro8_batch_size100_seq_len512_sigma_in1.0_spectral_radius0.99_sparsity0.96875_dropout0.0_r_out512_{'20250926-105139'}/checkpoint_step1700_tokens87040000.pt,3752.64
20250926-105212,1953313,1614.893683142686,1595.5918304990491,checkpoint/ESN_ml (53.39M N1024_nro8_batch_size100_seq_len512_sigma_in1.0_spectral_radius0.99_sparsity0.96875_dropout0.0_r_out512_{'20250926-105212'},checkpoint/ESN_ml (53.39M N1024_nro8_batch_size100_seq_len512_sigma_in1.0_spectral_radius0.99_sparsity0.96875_dropout0.0_r_out512_{'20250926-105212'}/checkpoint_step1700_tokens87040000.pt,20306.56
20250926-105203,2041033,492.793121758279,624.8427387029609,checkpoint/ESN_ml (53.39M N1024_nro8_batch_size100_seq_len512_sigma_in1.0_spectral_radius0.99_sparsity0.96875_dropout0.0_r_out512_{'20250926-105203'},checkpoint/ESN_ml (53.39M N1024_nro8_batch_size100_seq_len512_sigma_in1.0_spectral_radius0.99_sparsity0.96875_dropout0.0_r_out512_{'20250926-105203'}/checkpoint_step1700_tokens87040000.pt,4748.64
20250926-105218,2148532,1469.7956077772494,1364.7820165072585,checkpoint/ESN_ml (53.39M N1024_nro8_batch_size100_seq_len512_sigma_in1.0_spectral_radius0.99_sparsity0.96875_dropout0.0_r_out512_{'20250926-105218'},checkpoint/ESN_ml (53.39M N1024_nro8_batch_size100_seq_len512_sigma_in1.0_spectral_radius0.99_sparsity0.96875_dropout0.0_r_out512_{'20250926-105218'}/checkpoint_step1700_tokens87040000.pt,19734.4
20250926-103325,2149448,499.1469985191901,586.9854309417088,checkpoint/ESN_ml (53.39M N1024_nro8_batch_size100_seq_len512_sigma_in1.0_spectral_radius0.99_sparsity0.96875_dropout0.0_r_out512_{'20250926-103325'},checkpoint/ESN_ml (53.39M N1024_nro8_batch_size100_seq_len512_sigma_in1.0_spectral_radius0.99_sparsity0.96875_dropout0.0_r_out512_{'20250926-103325'}/checkpoint_step1700_tokens87040000.pt,3575.52
20250926-105152,2173457,,,checkpoint/ESN_ml (53.39M N1024_nro8_batch_size100_seq_len512_sigma_in1.0_spectral_radius0.99_sparsity0.96875_dropout0.0_r_out512_{'20250926-105152'},checkpoint/ESN_ml (53.39M N1024_nro8_batch_size100_seq_len512_sigma_in1.0_spectral_radius0.99_sparsity0.96875_dropout0.0_r_out512_{'20250926-105152'}/checkpoint_step1700_tokens87040000.pt,
20250926-105207,2268427,1251.529947405554,1282.0940541998355,checkpoint/ESN_ml (53.39M N1024_nro8_batch_size100_seq_len512_sigma_in1.0_spectral_radius0.99_sparsity0.96875_dropout0.0_r_out512_{'20250926-105207'},checkpoint/ESN_ml (53.39M N1024_nro8_batch_size100_seq_len512_sigma_in1.0_spectral_radius0.99_sparsity0.96875_dropout0.0_r_out512_{'20250926-105207'}/checkpoint_step1700_tokens87040000.pt,14688.96
20250926-105205,2310708,1393.2230938036473,1452.8028942027192,checkpoint/ESN_ml (53.39M N1024_nro8_batch_size100_seq_len512_sigma_in1.0_spectral_radius0.99_sparsity0.96875_dropout0.0_r_out512_{'20250926-105205'},checkpoint/ESN_ml (53.39M N1024_nro8_batch_size100_seq_len512_sigma_in1.0_spectral_radius0.99_sparsity0.96875_dropout0.0_r_out512_{'20250926-105205'}/checkpoint_step1700_tokens87040000.pt,18010.24
20250926-103307,2359388,1030.7069470818017,1030.1915141420939,checkpoint/ESN_ml (53.39M N1024_nro8_batch_size100_seq_len512_sigma_in1.0_spectral_radius0.99_sparsity0.96875_dropout0.0_r_out512_{'20250926-103307'},checkpoint/ESN_ml (53.39M N1024_nro8_batch_size100_seq_len512_sigma_in1.0_spectral_radius0.99_sparsity0.96875_dropout0.0_r_out512_{'20250926-103307'}/checkpoint_step1700_tokens87040000.pt,11355.52
20250926-105206,2480854,481.488002173791,605.6183486721279,checkpoint/ESN_ml (53.39M N1024_nro8_batch_size100_seq_len512_sigma_in1.0_spectral_radius0.99_sparsity0.96875_dropout0.0_r_out512_{'20250926-105206'},checkpoint/ESN_ml (53.39M N1024_nro8_batch_size100_seq_len512_sigma_in1.0_spectral_radius0.99_sparsity0.96875_dropout0.0_r_out512_{'20250926-105206'}/checkpoint_step1700_tokens87040000.pt,3705.92
20250926-105222,2571027,505.5577278498045,568.9257878221232,checkpoint/ESN_ml (53.39M N1024_nro8_batch_size100_seq_len512_sigma_in1.0_spectral_radius0.99_sparsity0.96875_dropout0.0_r_out512_{'20250926-105222'},checkpoint/ESN_ml (53.39M N1024_nro8_batch_size100_seq_len512_sigma_in1.0_spectral_radius0.99_sparsity0.96875_dropout0.0_r_out512_{'20250926-105222'}/checkpoint_step1700_tokens87040000.pt,2999.2
20250926-105150,2607253,1771.25404247148,1498.919808489272,checkpoint/ESN_ml (53.39M N1024_nro8_batch_size100_seq_len512_sigma_in1.0_spectral_radius0.99_sparsity0.96875_dropout0.0_r_out512_{'20250926-105150'},checkpoint/ESN_ml (53.39M N1024_nro8_batch_size100_seq_len512_sigma_in1.0_spectral_radius0.99_sparsity0.96875_dropout0.0_r_out512_{'20250926-105150'}/checkpoint_step1700_tokens87040000.pt,23950.72
20250926-105221,2772916,1474.8602684561533,1364.7820165072585,checkpoint/ESN_ml (53.39M N1024_nro8_batch_size100_seq_len512_sigma_in1.0_spectral_radius0.99_sparsity0.96875_dropout0.0_r_out512_{'20250926-105221'},checkpoint/ESN_ml (53.39M N1024_nro8_batch_size100_seq_len512_sigma_in1.0_spectral_radius0.99_sparsity0.96875_dropout0.0_r_out512_{'20250926-105221'}/checkpoint_step1700_tokens87040000.pt,17551.36
20250926-105246,3195207,1257.2175750356664,1282.0940541998355,checkpoint/ESN_ml (53.39M N1024_nro8_batch_size100_seq_len512_sigma_in1.0_spectral_radius0.99_sparsity0.96875_dropout0.0_r_out512_{'20250926-105246'},checkpoint/ESN_ml (53.39M N1024_nro8_batch_size100_seq_len512_sigma_in1.0_spectral_radius0.99_sparsity0.96875_dropout0.0_r_out512_{'20250926-105246'}/checkpoint_step1700_tokens87040000.pt,13276.16
20250926-103312,3214507,822.2509739445995,909.1408202993323,checkpoint/ESN_ml (53.39M N1024_nro8_batch_size100_seq_len512_sigma_in1.0_spectral_radius0.99_sparsity0.96875_dropout0.0_r_out512_{'20250926-103312'},checkpoint/ESN_ml (53.39M N1024_nro8_batch_size100_seq_len512_sigma_in1.0_spectral_radius0.99_sparsity0.96875_dropout0.0_r_out512_{'20250926-103312'}/checkpoint_step1700_tokens87040000.pt,5677.12
20250926-103435,3215682,987.6242342372702,1030.1915141420939,checkpoint/ESN_ml (53.39M N1024_nro8_batch_size100_seq_len512_sigma_in1.0_spectral_radius0.99_sparsity0.96875_dropout0.0_r_out512_{'20250926-103435'},checkpoint/ESN_ml (53.39M N1024_nro8_batch_size100_seq_len512_sigma_in1.0_spectral_radius0.99_sparsity0.96875_dropout0.0_r_out512_{'20250926-103435'}/checkpoint_step1700_tokens87040000.pt,9716.16
20250926-103303,3245799,1787.2959429474142,1646.2413521768196,checkpoint/ESN_ml (53.39M N1024_nro8_batch_size100_seq_len512_sigma_in1.0_spectral_radius0.99_sparsity0.96875_dropout0.0_r_out512_{'20250926-103303'},checkpoint/ESN_ml (53.39M N1024_nro8_batch_size100_seq_len512_sigma_in1.0_spectral_radius0.99_sparsity0.96875_dropout0.0_r_out512_{'20250926-103303'}/checkpoint_step1700_tokens87040000.pt,20925.44
20250926-105151,3265167,652.1786622824892,665.1416330443618,checkpoint/ESN_ml (53.39M N1024_nro8_batch_size100_seq_len512_sigma_in1.0_spectral_radius0.99_sparsity0.96875_dropout0.0_r_out512_{'20250926-105151'},checkpoint/ESN_ml (53.39M N1024_nro8_batch_size100_seq_len512_sigma_in1.0_spectral_radius0.99_sparsity0.96875_dropout0.0_r_out512_{'20250926-105151'}/checkpoint_step1700_tokens87040000.pt,4498.24
20250926-103317,3309787,1756.6615241163918,1808.0424144560632,checkpoint/ESN_ml (53.39M N1024_nro8_batch_size100_seq_len512_sigma_in1.0_spectral_radius0.99_sparsity0.96875_dropout0.0_r_out512_{'20250926-103317'},checkpoint/ESN_ml (53.39M N1024_nro8_batch_size100_seq_len512_sigma_in1.0_spectral_radius0.99_sparsity0.96875_dropout0.0_r_out512_{'20250926-103317'}/checkpoint_step1700_tokens87040000.pt,23073.92
20250926-105204,3345630,,,checkpoint/ESN_ml (53.39M N1024_nro8_batch_size100_seq_len512_sigma_in1.0_spectral_radius0.99_sparsity0.96875_dropout0.0_r_out512_{'20250926-105204'},checkpoint/ESN_ml (53.39M N1024_nro8_batch_size100_seq_len512_sigma_in1.0_spectral_radius0.99_sparsity0.96875_dropout0.0_r_out512_{'20250926-105204'}/checkpoint_step1700_tokens87040000.pt,
20250926-103310,3373935,569.7722834343035,730.5151717727034,checkpoint/ESN_ml (53.39M N1024_nro8_batch_size100_seq_len512_sigma_in1.0_spectral_radius0.99_sparsity0.96875_dropout0.0_r_out512_{'20250926-103310'},checkpoint/ESN_ml (53.39M N1024_nro8_batch_size100_seq_len512_sigma_in1.0_spectral_radius0.99_sparsity0.96875_dropout0.0_r_out512_{'20250926-103310'}/checkpoint_step1700_tokens87040000.pt,7363.68
20250926-105254,3691467,1478.6585796620138,1408.1048482046956,checkpoint/ESN_ml (53.39M N1024_nro8_batch_size100_seq_len512_sigma_in1.0_spectral_radius0.99_sparsity0.96875_dropout0.0_r_out512_{'20250926-105254'},checkpoint/ESN_ml (53.39M N1024_nro8_batch_size100_seq_len512_sigma_in1.0_spectral_radius0.99_sparsity0.96875_dropout0.0_r_out512_{'20250926-105254'}/checkpoint_step1700_tokens87040000.pt,18196.48
20250926-103320,3826811,,,checkpoint/ESN_ml (53.39M N1024_nro8_batch_size100_seq_len512_sigma_in1.0_spectral_radius0.99_sparsity0.96875_dropout0.0_r_out512_{'20250926-103320'},checkpoint/ESN_ml (53.39M N1024_nro8_batch_size100_seq_len512_sigma_in1.0_spectral_radius0.99_sparsity0.96875_dropout0.0_r_out512_{'20250926-103320'}/checkpoint_step1700_tokens87040000.pt,
20250926-103328,4243591,532.238396741014,586.9854309417088,checkpoint/ESN_ml (53.39M N1024_nro8_batch_size100_seq_len512_sigma_in1.0_spectral_radius0.99_sparsity0.96875_dropout0.0_r_out512_{'20250926-103328'},checkpoint/ESN_ml (53.39M N1024_nro8_batch_size100_seq_len512_sigma_in1.0_spectral_radius0.99_sparsity0.96875_dropout0.0_r_out512_{'20250926-103328'}/checkpoint_step1700_tokens87040000.pt,3209.28
20250926-103326,4360182,489.8232393465535,486.6280141983472,checkpoint/ESN_ml (53.39M N1024_nro8_batch_size100_seq_len512_sigma_in1.0_spectral_radius0.99_sparsity0.96875_dropout0.0_r_out512_{'20250926-103326'},checkpoint/ESN_ml (53.39M N1024_nro8_batch_size100_seq_len512_sigma_in1.0_spectral_radius0.99_sparsity0.96875_dropout0.0_r_out512_{'20250926-103326'}/checkpoint_step1700_tokens87040000.pt,2968.72
20250926-103409,4437204,815.9124677656026,827.7821368360857,checkpoint/ESN_ml (53.39M N1024_nro8_batch_size100_seq_len512_sigma_in1.0_spectral_radius0.99_sparsity0.96875_dropout0.0_r_out512_{'20250926-103409'},checkpoint/ESN_ml (53.39M N1024_nro8_batch_size100_seq_len512_sigma_in1.0_spectral_radius0.99_sparsity0.96875_dropout0.0_r_out512_{'20250926-103409'}/checkpoint_step1700_tokens87040000.pt,6738.88
20250926-105200,4456769,1291.5625897405823,1364.7820165072585,checkpoint/ESN_ml (53.39M N1024_nro8_batch_size100_seq_len512_sigma_in1.0_spectral_radius0.99_sparsity0.96875_dropout0.0_r_out512_{'20250926-105200'},checkpoint/ESN_ml (53.39M N1024_nro8_batch_size100_seq_len512_sigma_in1.0_spectral_radius0.99_sparsity0.96875_dropout0.0_r_out512_{'20250926-105200'}/checkpoint_step1700_tokens87040000.pt,17134.72
20250926-105213,4464204,1755.9220423708182,1595.5918304990491,checkpoint/ESN_ml (53.39M N1024_nro8_batch_size100_seq_len512_sigma_in1.0_spectral_radius0.99_sparsity0.96875_dropout0.0_r_out512_{'20250926-105213'},checkpoint/ESN_ml (53.39M N1024_nro8_batch_size100_seq_len512_sigma_in1.0_spectral_radius0.99_sparsity0.96875_dropout0.0_r_out512_{'20250926-105213'}/checkpoint_step1700_tokens87040000.pt,20284.16
20250926-105210,4478399,491.5753070335849,586.9854309417088,checkpoint/ESN_ml (53.39M N1024_nro8_batch_size100_seq_len512_sigma_in1.0_spectral_radius0.99_sparsity0.96875_dropout0.0_r_out512_{'20250926-105210'},checkpoint/ESN_ml (53.39M N1024_nro8_batch_size100_seq_len512_sigma_in1.0_spectral_radius0.99_sparsity0.96875_dropout0.0_r_out512_{'20250926-105210'}/checkpoint_step1700_tokens87040000.pt,3385.28
20250926-105158,4613717,500.3776061361918,502.07524555352444,checkpoint/ESN_ml (53.39M N1024_nro8_batch_size100_seq_len512_sigma_in1.0_spectral_radius0.99_sparsity0.96875_dropout0.0_r_out512_{'20250926-105158'},checkpoint/ESN_ml (53.39M N1024_nro8_batch_size100_seq_len512_sigma_in1.0_spectral_radius0.99_sparsity0.96875_dropout0.0_r_out512_{'20250926-105158'}/checkpoint_step1700_tokens87040000.pt,3089.28
20250926-105235,4615619,1478.7544735636236,1364.7820165072585,checkpoint/ESN_ml (53.39M N1024_nro8_batch_size100_seq_len512_sigma_in1.0_spectral_radius0.99_sparsity0.96875_dropout0.0_r_out512_{'20250926-105235'},checkpoint/ESN_ml (53.39M N1024_nro8_batch_size100_seq_len512_sigma_in1.0_spectral_radius0.99_sparsity0.96875_dropout0.0_r_out512_{'20250926-105235'}/checkpoint_step1700_tokens87040000.pt,17593.6
20250926-105149,4623651,680.1709151495444,665.1416330443618,checkpoint/ESN_ml (53.39M N1024_nro8_batch_size100_seq_len512_sigma_in1.0_spectral_radius0.99_sparsity0.96875_dropout0.0_r_out512_{'20250926-105149'},checkpoint/ESN_ml (53.39M N1024_nro8_batch_size100_seq_len512_sigma_in1.0_spectral_radius0.99_sparsity0.96875_dropout0.0_r_out512_{'20250926-105149'}/checkpoint_step1700_tokens87040000.pt,4328.8
20250926-103340,4662722,528.7100128174454,551.4217815078388,checkpoint/ESN_ml (53.39M N1024_nro8_batch_size100_seq_len512_sigma_in1.0_spectral_radius0.99_sparsity0.96875_dropout0.0_r_out512_{'20250926-103340'},checkpoint/ESN_ml (53.39M N1024_nro8_batch_size100_seq_len512_sigma_in1.0_spectral_radius0.99_sparsity0.96875_dropout0.0_r_out512_{'20250926-103340'}/checkpoint_step1700_tokens87040000.pt,2557.28
20250926-103322,4827339,993.1192752136648,1030.1915141420939,checkpoint/ESN_ml (53.39M N1024_nro8_batch_size100_seq_len512_sigma_in1.0_spectral_radius0.99_sparsity0.96875_dropout0.0_r_out512_{'20250926-103322'},checkpoint/ESN_ml (53.39M N1024_nro8_batch_size100_seq_len512_sigma_in1.0_spectral_radius0.99_sparsity0.96875_dropout0.0_r_out512_{'20250926-103322'}/checkpoint_step1700_tokens87040000.pt,9850.88
20250926-105159,4890196,563.1269851843471,568.9257878221232,checkpoint/ESN_ml (53.39M N1024_nro8_batch_size100_seq_len512_sigma_in1.0_spectral_radius0.99_sparsity0.96875_dropout0.0_r_out512_{'20250926-105159'},checkpoint/ESN_ml (53.39M N1024_nro8_batch_size100_seq_len512_sigma_in1.0_spectral_radius0.99_sparsity0.96875_dropout0.0_r_out512_{'20250926-105159'}/checkpoint_step1700_tokens87040000.pt,3434.16
